Method,Precision,Recall,F1
Fixed,0.8392530999357011,0.5231999979072001,0.6442758219637452
Adaptive,0.9999998428571677,0.0255999998976,0.049914834217020455
Jump,0.930069852717763,0.0487999998048,0.09226555458047574
